Time(msec),Vm(mVolt),dVm/dt(mVolt/msec),timestep(dt),Cai(x1.000.000)(milliM->nanoM),INa(x1.000)(microA->nanoA),INaL(x1.000)(microA->nanoA),ICaL(x1.000)(microA->nanoA),Ito(x1.000)(microA->nanoA),IKr(x1.000)(microA->nanoA),IKs(x1.000)(microA->nanoA),IK1(x1.000)(microA->nanoA),Inet(microA),Inet_APD(microA)
0.50,-87.8791,-0.0001,0.5000,84.1403,-1.4466,-0.3045,-0.0002,  -0,-0.0009,-0.0053,-36.6491,-0.0370,0.0000
2.50,-87.8792,-0.0001,0.5000,84.0842,-1.4466,-0.3046,-0.0002,  -0,-0.0009,-0.0053,-36.6851,-0.0370,0.0000
4.50,-87.8794,-0.0001,0.5000,84.0286,-1.4466,-0.3047,-0.0002,  -0,-0.0009,-0.0053,-36.7208,-0.0370,0.0000
6.50,-87.8795,-0.0001,0.5000,83.9735,-1.4466,-0.3047,-0.0002,  -0,-0.0009,-0.0053,-36.7562,-0.0371,0.0000
8.50,-87.8796,-0.0001,0.5000,83.9188,-1.4465,-0.3048,-0.0002,  -0,-0.0009,-0.0053,-36.7913,-0.0371,0.0000
10.50,-48.2930,79.1734,0.5000,83.8639,-905.7405,-47.7463,-0.0846,   2,0.2940,0.0165,300.9948,0.2551,0.2551
12.50,23.1402,7.8517,0.5000,83.9049,-3867.4682,-511.2581,-3122.6319, 318,10.6884,0.9881,0.4576,-3.3042,-3.3042
14.50,31.7429,2.7820,0.5000,88.1520,-828.8375,-404.8890,-2332.8712, 642,82.3257,3.5131,0.1997,-2.0098,-2.0098
16.50,34.8588,1.0492,0.5000,104.0550,-244.7555,-370.7994,-1596.5901, 652,159.1969,6.6657,0.1487,-1.1497,-1.1497
18.50,36.0807,0.4266,0.5000,132.7359,-85.5277,-356.0351,-1204.8948, 560,216.5098,10.2886,0.1320,-0.7744,-0.7744
20.50,36.6435,0.2254,0.5000,168.8017,-32.2140,-347.9159,-1051.8143, 458,256.7233,14.1606,0.1249,-0.6712,-0.6712
22.50,37.0164,0.1716,0.5000,205.8825,-13.0394,-342.1291,-999.7601, 377,284.7995,17.9407,0.1206,-0.6623,-0.6623
24.50,37.3316,0.1501,0.5000,240.5013,-4.5869,-336.2378,-966.2930, 305,309.9566,22.4040,0.1165,-0.6648,-0.6648
26.50,37.6053,0.1282,0.5000,271.4382,-1.9090,-331.7902,-940.4137, 260,327.1244,26.1907,0.1136,-0.6588,-0.6588
28.50,37.8287,0.1012,0.5000,298.5145,-0.7929,-327.8133,-913.5763, 225,341.8923,30.0076,0.1113,-0.6447,-0.6447
30.50,37.9933,0.0708,0.5000,321.9556,-0.3288,-324.3351,-886.3207, 197,354.9262,33.8414,0.1097,-0.6252,-0.6252
32.50,38.0956,0.0394,0.5000,342.1201,-0.1176,-320.9074,-855.1055, 170,368.5149,38.3169,0.1085,-0.5986,-0.5986
34.50,38.1360,0.0088,0.5000,359.3895,-0.0490,-318.4970,-829.6674, 152,379.0415,42.1149,0.1082,-0.5745,-0.5745
36.50,38.1172,-0.0200,0.5000,374.1249,-0.0207,-316.5391,-805.8985, 137,388.6936,45.8385,0.1084,-0.5505,-0.5505
38.50,38.0436,-0.0465,0.5000,386.6521,-0.0070,-314.6085,-778.0752, 121,399.9915,50.4650,0.1093,-0.5207,-0.5207
40.50,37.9201,-0.0706,0.5000,397.2579,-0.0032,-313.5205,-759.0745, 111,407.8122,53.8178,0.1105,-0.4995,-0.4995
42.50,37.7516,-0.0922,0.5000,406.1921,-0.0012,-312.5002,-736.9587, 100,417.1192,57.9439,0.1126,-0.4740,-0.4740
44.50,37.5427,-0.1115,0.5000,413.6709,-0.0004,-311.8040,-716.5359,  91,425.9887,61.9889,0.1151,-0.4496,-0.4496
46.50,37.2977,-0.1288,0.5000,419.8809,-0.0002,-311.4460,-701.3201,  84,432.8169,65.1613,0.1176,-0.4310,-0.4310
48.50,37.0206,-0.1442,0.5000,424.9831,-0.0001,-311.2195,-684.8608,  76,440.4604,68.7562,0.1208,-0.4103,-0.4103
50.50,36.7148,-0.1579,0.5000,429.1168,-0.0000,-311.1655,-668.7148,  70,448.2652,72.4580,0.1247,-0.3894,-0.3894
52.50,36.3836,-0.1701,0.5000,432.4022,-0.0000,-311.3048,-650.9855,  62,457.2520,76.7362,0.1299,-0.3659,-0.3659
54.50,36.0297,-0.1810,0.5000,434.9437,-0.0000,-311.5264,-638.7365,  57,463.7603,79.8315,0.1342,-0.3491,-0.3491
56.50,35.6554,-0.1907,0.5000,436.8320,-0.0000,-311.7699,-629.2625,  54,468.9881,82.3088,0.1380,-0.3359,-0.3359
58.50,35.2631,-0.1994,0.5000,438.1458,-0.0000,-312.1343,-618.2330,  50,475.3163,85.2902,0.1431,-0.3201,-0.3201
60.50,34.8545,-0.2071,0.5000,438.9541,-0.0000,-312.5872,-607.2151,  45,481.9351,88.3805,0.1489,-0.3040,-0.3040
62.50,34.4315,-0.2141,0.5000,439.3170,-0.0000,-313.1371,-596.0866,  41,488.9710,91.6259,0.1557,-0.2872,-0.2872
64.50,33.9955,-0.2203,0.5000,439.2873,-0.0000,-313.6313,-587.4242,  38,494.7317,94.2470,0.1618,-0.2737,-0.2737
66.50,33.5479,-0.2258,0.5000,438.9114,-0.0000,-314.3055,-576.9922,  35,502.0583,97.5267,0.1703,-0.2570,-0.2570
68.50,33.0900,-0.2308,0.5000,438.2302,-0.0000,-314.8927,-568.8639,  32,508.1137,100.1872,0.1779,-0.2435,-0.2435
70.50,32.6228,-0.2352,0.5000,437.2795,-0.0000,-315.4915,-561.2768,  29,514.0912,102.7653,0.1861,-0.2305,-0.2305
72.50,32.1475,-0.2391,0.5000,436.0914,-0.0000,-316.0472,-554.7504,  27,519.5279,105.0662,0.1940,-0.2190,-0.2190
74.50,31.6648,-0.2426,0.5000,434.6939,-0.0000,-316.7515,-547.0642,  25,526.3465,107.8900,0.2047,-0.2049,-0.2049
76.50,31.1757,-0.2457,0.5000,433.1120,-0.0000,-317.4496,-539.9908,  22,533.1000,110.6163,0.2163,-0.1913,-0.1913
78.50,30.6810,-0.2484,0.5000,431.3680,-0.0000,-318.1113,-533.7106,  20,539.5669,113.1592,0.2282,-0.1787,-0.1787
80.50,30.1813,-0.2507,0.5000,429.4816,-0.0000,-318.4350,-530.7711,  19,542.7742,114.3955,0.2344,-0.1725,-0.1725
82.50,29.6773,-0.2527,0.5000,427.4706,-0.0000,-319.0652,-525.2734,  18,549.1392,116.7993,0.2476,-0.1606,-0.1606
84.50,29.1695,-0.2545,0.5000,425.3506,-0.0000,-319.6688,-520.2573,  16,555.4414,119.1139,0.2615,-0.1491,-0.1491
86.50,28.6586,-0.2560,0.5000,423.1356,-0.0000,-320.2423,-515.6915,  15,561.6840,121.3423,0.2764,-0.1381,-0.1381
88.50,28.1450,-0.2573,0.5000,420.8382,-0.0000,-320.7827,-511.5445,  13,567.8700,123.4873,0.2921,-0.1274,-0.1274
90.50,27.6292,-0.2583,0.5000,418.4696,-0.0000,-321.1852,-508.5402,  12,572.7256,125.1270,0.3053,-0.1193,-0.1193
92.50,27.1115,-0.2592,0.5000,416.0400,-0.0000,-321.5643,-505.7623,  11,577.5486,126.7177,0.3191,-0.1113,-0.1113
94.50,26.5922,-0.2599,0.5000,413.5582,-0.0000,-321.9195,-503.1984,  11,582.3401,128.2604,0.3335,-0.1036,-0.1036
96.50,26.0718,-0.2604,0.5000,411.0325,-0.0000,-322.2501,-500.8312,  10,587.1010,129.7566,0.3486,-0.0960,-0.0960
98.50,25.5504,-0.2609,0.5000,408.4701,-0.0000,-322.8357,-496.6317,   9,596.5358,132.6141,0.3810,-0.0814,-0.0814
100.50,25.0282,-0.2612,0.5000,405.8774,-0.0000,-323.0070,-495.3847,   8,599.6314,133.5209,0.3924,-0.0767,-0.0767
102.50,24.5055,-0.2614,0.5000,403.2603,-0.0000,-323.2250,-493.7687,   8,603.8821,134.7413,0.4086,-0.0703,-0.0703
104.50,23.9824,-0.2616,0.5000,400.6241,-0.0000,-323.4465,-492.0710,   7,608.6746,136.0831,0.4279,-0.0632,-0.0632
106.50,23.4589,-0.2618,0.5000,397.9735,-0.0000,-323.7175,-489.8545,   6,615.5135,137.9355,0.4571,-0.0533,-0.0533
108.50,22.9353,-0.2619,0.5000,395.3127,-0.0000,-323.9000,-488.1966,   6,621.1232,139.4005,0.4828,-0.0452,-0.0452
110.50,22.4115,-0.2619,0.5000,392.6456,-0.0000,-323.9776,-487.4192,   6,623.9155,140.1115,0.4961,-0.0412,-0.0412
112.50,21.8875,-0.2620,0.5000,389.9755,-0.0000,-324.1057,-485.9550,   5,629.4759,141.4913,0.5240,-0.0334,-0.0334
114.50,21.3635,-0.2621,0.5000,387.3056,-0.0000,-324.1988,-484.5958,   5,635.0058,142.8160,0.5534,-0.0257,-0.0257
116.50,20.8392,-0.2622,0.5000,384.6386,-0.0000,-324.2581,-483.3239,   4,640.5074,144.0869,0.5844,-0.0180,-0.0180
118.50,20.3147,-0.2623,0.5000,381.9768,-0.0000,-324.2849,-482.1228,   4,645.9826,145.3051,0.6172,-0.0105,-0.0105
120.50,19.7900,-0.2624,0.5000,379.3227,-0.0000,-324.2806,-480.9772,   4,651.4335,146.4715,0.6518,-0.0030,-0.0030
122.50,19.2648,-0.2626,0.5000,376.6780,-0.0000,-324.2466,-479.8730,   3,656.8622,147.5871,0.6884,0.0045,0.0045
124.50,18.7392,-0.2629,0.5000,374.0446,-0.0000,-324.2190,-479.3322,   3,659.5689,148.1261,0.7074,0.0082,0.0082
126.50,18.2131,-0.2632,0.5000,371.4240,-0.0000,-324.1435,-478.2656,   3,664.9684,149.1669,0.7472,0.0155,0.0155
128.50,17.6862,-0.2636,0.5000,368.8177,-0.0000,-324.0423,-477.2089,   3,670.3509,150.1586,0.7892,0.0229,0.0229
130.50,17.1584,-0.2641,0.5000,366.2268,-0.0000,-323.9171,-476.1509,   3,675.7185,151.1016,0.8336,0.0302,0.0302
132.50,16.6296,-0.2646,0.5000,363.6524,-0.0000,-323.7694,-475.0807,   2,681.0735,151.9964,0.8806,0.0375,0.0375
134.50,16.0996,-0.2652,0.5000,361.0956,-0.0000,-323.6010,-473.9877,   2,686.4177,152.8433,0.9304,0.0448,0.0448
136.50,15.5683,-0.2659,0.5000,358.5571,-0.0000,-323.4135,-472.8614,   2,691.7533,153.6424,0.9831,0.0522,0.0522
138.50,15.0354,-0.2668,0.5000,356.0378,-0.0000,-323.3132,-472.2823,   2,694.4185,154.0241,1.0106,0.0559,0.0559
140.50,14.5008,-0.2677,0.5000,353.5381,-0.0000,-323.0837,-470.9925,   2,700.1469,154.8047,1.0726,0.0638,0.0638
142.50,13.9642,-0.2687,0.5000,351.0588,-0.0000,-322.8973,-469.9625,   2,704.5065,155.3621,1.1225,0.0699,0.0699
144.50,13.4255,-0.2698,0.5000,348.6003,-0.0000,-322.6960,-468.8497,   2,708.9969,155.9028,1.1765,0.0761,0.0761
146.50,12.8843,-0.2711,0.5000,346.1629,-0.0000,-322.4504,-467.4740,   1,714.2353,156.4902,1.2431,0.0835,0.0835
148.50,12.3405,-0.2724,0.5000,343.7471,-0.0000,-322.2018,-466.0403,   1,719.3400,157.0173,1.3119,0.0908,0.0908
150.50,11.7937,-0.2740,0.5000,341.3531,-0.0000,-321.9650,-464.6180,   1,724.0658,157.4647,1.3793,0.0976,0.0976
152.50,11.2437,-0.2757,0.5000,338.9812,-0.0000,-321.6119,-462.3538,   1,730.9510,158.0456,1.4844,0.1076,0.1076
154.50,10.6901,-0.2775,0.5000,336.6314,-0.0000,-321.4327,-461.1221,   1,734.3984,158.3043,1.5402,0.1128,0.1128
156.50,10.1324,-0.2796,0.5000,334.3040,-0.0000,-321.0724,-458.4192,   1,741.3066,158.7570,1.6592,0.1232,0.1232
158.50,9.5704,-0.2819,0.5000,331.9991,-0.0000,-320.8926,-456.9312,   1,744.7687,158.9502,1.7226,0.1285,0.1285
160.50,9.0035,-0.2844,0.5000,329.7166,-0.0000,-320.5371,-453.6301,   1,751.7128,159.2683,1.8579,0.1395,0.1395
162.50,8.4312,-0.2872,0.5000,327.4566,-0.0000,-320.3630,-451.7933,   1,755.1965,159.3923,1.9302,0.1452,0.1452
164.50,7.8529,-0.2903,0.5000,325.2191,-0.0000,-320.1924,-449.8133,   1,758.6892,159.4921,2.0059,0.1509,0.1509
166.50,7.2680,-0.2938,0.5000,323.0041,-0.0000,-319.8658,-445.3595,   1,765.7060,159.6170,2.1683,0.1630,0.1630
168.50,6.6758,-0.2976,0.5000,320.8113,-0.0000,-319.7118,-442.8485,   1,769.2324,159.6405,2.2554,0.1692,0.1692
170.50,6.0753,-0.3019,0.5000,318.6407,-0.0000,-319.4771,-438.2518,   1,775.0396,159.6202,2.4078,0.1800,0.1800
172.50,5.4655,-0.3067,0.5000,316.4922,-0.0000,-319.3122,-434.1965,   1,779.5931,159.5515,2.5356,0.1888,0.1888
174.50,4.8454,-0.3121,0.5000,314.3655,-0.0000,-319.1665,-429.6587,   1,784.1766,159.4340,2.6722,0.1980,0.1980
176.50,4.2136,-0.3182,0.5000,312.2604,-0.0000,-319.0434,-424.5696,   1,788.7941,159.2649,2.8185,0.2078,0.2078
178.50,3.5686,-0.3251,0.5000,310.1767,-0.0000,-318.9099,-415.7294,   0,795.7941,158.9080,3.0588,0.2236,0.2236
180.50,2.9087,-0.3329,0.5000,308.1139,-0.0000,-318.8613,-408.8996,   0,800.5173,158.5961,3.2348,0.2351,0.2351
182.50,2.2319,-0.3418,0.5000,306.0719,-0.0000,-318.8510,-401.2026,   0,805.2924,158.2203,3.4252,0.2473,0.2473
184.50,1.5360,-0.3519,0.5000,304.0500,-0.0000,-318.8845,-392.5255,   0,810.1258,157.7760,3.6319,0.2606,0.2606
186.50,0.8182,-0.3633,0.5000,302.0480,-0.0000,-319.0001,-379.9095,   0,816.3561,157.1051,3.9215,0.2789,0.2789
188.50,0.0757,-0.3762,0.5000,300.0652,-0.0000,-319.1481,-369.1287,   0,821.1068,156.5166,4.1616,0.2939,0.2939
190.50,-0.6949,-0.3909,0.5000,298.1010,-0.0000,-319.4007,-354.7717,   0,826.8159,155.7184,4.4752,0.3132,0.3132
192.50,-1.4971,-0.4074,0.5000,296.1549,-0.0000,-319.7482,-338.5110,   0,832.6397,154.7989,4.8263,0.3344,0.3344
194.50,-2.3348,-0.4260,0.5000,294.2259,-0.0000,-320.2022,-320.2307,   0,838.5883,153.7466,5.2221,0.3575,0.3575
196.50,-3.2121,-0.4465,0.5000,292.3134,-0.0000,-320.7741,-299.8926,   0,844.6704,152.5495,5.6708,0.3826,0.3826
198.50,-4.1329,-0.4690,0.5000,290.4163,-0.0000,-321.4744,-277.5778,   0,850.8911,151.1952,6.1828,0.4096,0.4096
200.50,-5.1007,-0.4931,0.5000,288.5338,-0.0000,-322.3105,-253.5310,   0,857.2502,149.6719,6.7700,0.4383,0.4383
202.50,-6.1186,-0.5186,0.5000,286.6648,-0.0000,-323.3096,-227.6200,   0,863.8851,147.9292,7.4631,0.4688,0.4688
204.50,-7.1883,-0.5446,0.5000,284.8083,-0.0000,-324.4772,-200.5108,   0,870.7730,145.9491,8.2849,0.5004,0.5004
206.50,-8.3100,-0.5705,0.5000,282.9633,-0.0001,-325.8086,-173.1464,   0,877.8720,143.7178,9.2628,0.5323,0.5323
208.50,-9.4823,-0.5953,0.5000,281.1287,-0.0001,-327.2626,-147.0555,   0,884.9999,141.2693,10.4084,0.5628,0.5628
210.50,-10.7018,-0.6182,0.5000,279.3039,-0.0001,-328.8068,-123.1978,   1,892.0786,138.6089,11.7495,0.5909,0.5909
212.50,-11.9640,-0.6385,0.5000,277.4880,-0.0001,-329.8659,-108.9030,   1,896.7238,136.7230,12.7669,0.6080,0.6080
214.50,-13.2629,-0.6557,0.5000,275.6806,-0.0002,-331.4627,-90.2096,   1,903.5016,133.7363,14.5019,0.6307,0.6307
216.50,-14.5923,-0.6697,0.5000,273.8815,-0.0003,-333.0197,-74.9307,   1,909.9503,130.5760,16.5183,0.6497,0.6497
218.50,-15.9457,-0.6806,0.5000,272.0904,-0.0005,-334.4756,-62.9099,   1,915.9553,127.2612,18.8533,0.6654,0.6654
220.50,-17.3175,-0.6888,0.5000,270.3075,-0.0008,-335.7627,-53.7405,   1,921.4062,123.8113,21.5478,0.6781,0.6781
222.50,-18.7029,-0.6948,0.5000,268.5330,-0.0013,-336.8055,-46.8519,   1,926.2013,120.2450,24.6480,0.6883,0.6883
224.50,-20.0981,-0.6991,0.5000,266.7673,-0.0017,-337.3226,-43.2004,   1,928.9881,117.8111,26.9658,0.6942,0.6942
226.50,-21.5008,-0.7026,0.5000,265.0107,-0.0026,-337.7570,-38.6406,   1,932.4917,114.0863,30.8636,0.7022,0.7022
228.50,-22.9098,-0.7057,0.5000,263.2637,-0.0039,-337.6751,-34.6655,   1,935.1171,110.2837,35.3289,0.7096,0.7096
230.50,-24.3253,-0.7090,0.5000,261.5269,-0.0060,-336.9271,-30.8601,   1,936.7956,106.4128,40.4446,0.7173,0.7173
232.50,-25.7482,-0.7130,0.5000,259.8005,-0.0083,-335.7177,-27.7884,   2,937.4138,103.2611,45.0887,0.7238,0.7238
234.50,-27.1801,-0.7178,0.5000,258.0851,-0.0119,-333.4933,-24.2380,   2,937.2766,99.6061,51.0816,0.7320,0.7320
236.50,-28.6230,-0.7238,0.5000,256.3809,-0.0170,-330.1522,-20.7303,   2,936.1848,95.9086,57.8933,0.7411,0.7411
238.50,-30.0794,-0.7310,0.5000,254.6883,-0.0239,-325.4885,-17.4250,   2,934.1152,92.2237,65.5354,0.7512,0.7512
240.50,-31.5523,-0.7399,0.5000,253.0075,-0.0354,-317.8061,-13.8671,   2,930.3221,87.8371,75.9136,0.7649,0.7649
242.50,-33.0453,-0.7508,0.5000,251.3388,-0.0492,-308.6108,-11.1179,   3,925.6694,83.9330,86.5082,0.7791,0.7791
244.50,-34.5631,-0.7642,0.5000,249.6825,-0.0677,-296.6601,-8.7634,   3,919.6777,79.9912,98.7208,0.7960,0.7960
246.50,-36.1115,-0.7807,0.5000,248.0386,-0.0919,-281.4987,-6.7981,   3,912.2164,76.0091,112.8637,0.8161,0.8161
248.50,-37.6975,-0.8009,0.5000,246.4075,-0.1277,-260.0122,-5.0061,   4,901.7976,71.4489,131.6972,0.8436,0.8436
250.50,-39.3291,-0.8253,0.5000,244.7892,-0.1576,-242.8139,-4.0271,   4,893.4497,68.3369,146.4457,0.8653,0.8653
252.50,-41.0154,-0.8543,0.5000,243.1840,-0.2124,-213.1582,-2.8544,   4,878.6687,63.6070,172.3662,0.9028,0.9028
254.50,-42.7652,-0.8878,0.5000,241.5920,-0.2798,-179.8666,-1.9779,   4,860.8000,58.7964,203.9171,0.9460,0.9460
256.50,-44.5871,-0.9253,0.5000,240.0134,-0.3317,-156.6096,-1.5279,   4,846.9340,55.5430,228.8033,0.9776,0.9776
258.50,-46.4879,-0.9658,0.5000,238.4482,-0.4102,-125.2979,-1.0567,   4,825.2999,51.0731,268.5617,1.0230,1.0230
260.50,-48.4728,-1.0087,0.5000,236.8967,-0.4931,-97.1141,-0.7253,   4,801.0239,46.7130,314.6890,1.0689,1.0689
262.50,-50.5456,-1.0533,0.5000,235.3589,-0.5806,-72.3892,-0.4869,   4,772.9621,42.3093,370.0998,1.1166,1.1166
264.50,-52.7101,-1.1000,0.5000,233.8350,-0.6694,-51.9659,-0.3195,   4,740.6967,37.8742,436.5995,1.1667,1.1667
266.50,-54.9719,-1.1500,0.5000,232.3250,-0.7562,-35.9956,-0.2045,   3,703.8101,33.4185,516.2261,1.2206,1.2206
268.50,-57.3402,-1.2054,0.5000,230.8290,-0.8288,-25.2776,-0.1348,   3,667.0518,29.4709,599.2793,1.2734,1.2734
270.50,-59.8288,-1.2688,0.5000,229.3471,-0.9061,-16.1655,-0.0805,   2,618.8742,24.8576,713.3054,1.3433,1.3433
272.50,-62.4564,-1.3421,0.5000,227.8794,-0.9691,-10.2513,-0.0480,   2,568.2332,20.5308,838.2679,1.4187,1.4187
274.50,-65.2437,-1.4257,0.5000,226.4258,-1.0264,-5.7564,-0.0252,   2,502.5138,15.5233,1003.8193,1.5176,1.5176
276.50,-68.2062,-1.5146,0.5000,224.9865,-1.0525,-3.4834,-0.0145,   1,444.3122,11.5436,1146.0492,1.5996,1.5996
278.50,-71.3374,-1.5933,0.5000,223.5614,-1.0416,-1.7793,-0.0069,   1,364.9982,6.6777,1312.1166,1.6828,1.6828
280.50,-74.5781,-1.6281,0.5000,222.1506,-0.9811,-1.0174,-0.0037,   1,297.3239,2.9604,1399.9313,1.6997,1.6997
282.50,-77.7779,-1.5678,0.5000,220.7540,-0.8532,-0.5410,-0.0018,   0,218.7201,-0.9011,1389.6863,1.6073,1.6997
284.50,-80.6917,-1.3731,0.5000,219.3717,-0.7262,-0.3338,-0.0010,   0,157.1315,-3.5745,1252.9168,1.4063,1.6997
286.50,-83.0673,-1.0674,0.5000,218.0038,-0.6158,-0.2208,-0.0006,   0,103.5250,-5.5879,1005.8229,1.1036,1.6997
288.50,-84.7864,-0.7379,0.5000,216.6502,-0.5443,-0.1589,-0.0004,   0,60.2944,-6.8657,694.6875,0.7480,1.6997
290.50,-85.9084,-0.4649,0.5000,215.3110,-0.5254,-0.1337,-0.0003,   0,37.0729,-7.2795,476.0571,0.5058,1.6997
292.50,-86.5885,-0.2754,0.5000,213.9861,-0.5352,-0.1205,-0.0002,   0,22.4275,-7.2809,314.9727,0.3300,1.6997
294.50,-86.9824,-0.1575,0.5000,212.6755,-0.5647,-0.1143,-0.0002,   0,14.1337,-7.0288,213.8313,0.2208,1.6997
296.50,-87.2053,-0.0886,0.5000,211.3790,-0.6028,-0.1120,-0.0002,   0,9.7879,-6.6809,157.4395,0.1604,1.6997
298.50,-87.3305,-0.0498,0.5000,210.0966,-0.6523,-0.1116,-0.0002,   0,7.0395,-6.2361,120.7229,0.1214,1.6997
300.50,-87.4013,-0.0283,0.5000,208.8281,-0.7046,-0.1123,-0.0002,   0,5.5075,-5.7802,100.4304,0.1001,1.6997
302.50,-87.4421,-0.0165,0.5000,207.5734,-0.7468,-0.1134,-0.0002,   0,4.7453,-5.4229,90.8142,0.0900,1.6997
304.50,-87.4666,-0.0101,0.5000,206.3323,-0.7932,-0.1149,-0.0002,   0,4.1613,-5.0385,84.0375,0.0831,1.6997
306.50,-87.4820,-0.0066,0.5000,205.1049,-0.8378,-0.1165,-0.0002,   0,3.7410,-4.6773,79.6905,0.0786,1.6997
308.50,-87.4926,-0.0046,0.5000,203.8908,-0.9024,-0.1192,-0.0002,   0,3.2612,-4.1640,75.4282,0.0744,1.6997
310.50,-87.5004,-0.0036,0.5000,202.6900,-0.9262,-0.1203,-0.0002,   0,3.1051,-3.9777,74.1702,0.0732,1.6997
312.50,-87.5067,-0.0029,0.5000,201.5023,-0.9713,-0.1224,-0.0002,   0,2.8291,-3.6292,72.0742,0.0712,1.6997
314.50,-87.5121,-0.0026,0.5000,200.3277,-1.0129,-0.1246,-0.0002,   0,2.5868,-3.3108,70.2833,0.0694,1.6997
316.50,-87.5170,-0.0024,0.5000,199.1658,-1.0326,-0.1256,-0.0002,   0,2.4753,-3.1622,69.4534,0.0686,1.6997
318.50,-87.5217,-0.0023,0.5000,198.0167,-1.0695,-0.1277,-0.0002,   0,2.2680,-2.8847,67.8664,0.0671,1.6997
320.50,-87.5261,-0.0022,0.5000,196.8801,-1.1037,-0.1298,-0.0002,   0,2.0793,-2.6314,66.3558,0.0657,1.6997
322.50,-87.5304,-0.0021,0.5000,195.7560,-1.1195,-0.1308,-0.0002,   0,1.9911,-2.5132,65.6192,0.0650,1.6997
324.50,-87.5346,-0.0021,0.5000,194.6441,-1.1495,-0.1329,-0.0002,   0,1.8258,-2.2925,64.1739,0.0636,1.6997
326.50,-87.5387,-0.0020,0.5000,193.5443,-1.1770,-0.1349,-0.0002,   0,1.6743,-2.0912,62.7627,0.0622,1.6997
328.50,-87.5427,-0.0020,0.5000,192.4565,-1.1914,-0.1361,-0.0002,   0,1.6033,-1.9973,62.0671,0.0615,1.6997
330.50,-87.5466,-0.0020,0.5000,191.3806,-1.2170,-0.1382,-0.0002,   0,1.4701,-1.8220,60.6961,0.0602,1.6997
332.50,-87.5505,-0.0019,0.5000,190.3164,-1.2376,-0.1399,-0.0002,   0,1.3479,-1.6620,59.3513,0.0589,1.6997
334.50,-87.5544,-0.0019,0.5000,189.2637,-1.2460,-0.1406,-0.0002,   0,1.2906,-1.5874,58.6868,0.0583,1.6997
336.50,-87.5582,-0.0019,0.5000,188.2224,-1.2662,-0.1425,-0.0002,   0,1.1831,-1.4481,57.3767,0.0570,1.6997
338.50,-87.5619,-0.0019,0.5000,187.1924,-1.2803,-0.1441,-0.0002,   0,1.1193,-1.3659,56.5516,0.0562,1.6997
340.50,-87.5656,-0.0018,0.5000,186.1735,-1.2946,-0.1456,-0.0002,   0,1.0432,-1.2683,55.5195,0.0552,1.6997
342.50,-87.5692,-0.0018,0.5000,185.1657,-1.3078,-0.1471,-0.0002,   0,0.9721,-1.1777,54.5008,0.0542,1.6997
344.50,-87.5728,-0.0018,0.5000,184.1687,-1.3228,-0.1490,-0.0002,   0,0.8919,-1.0760,53.2761,0.0529,1.6997
346.50,-87.5763,-0.0018,0.5000,183.1824,-1.3355,-0.1506,-0.0002,   0,0.8247,-0.9913,52.1817,0.0519,1.6997
348.50,-87.5798,-0.0017,0.5000,182.2067,-1.3520,-0.1529,-0.0002,   0,0.7371,-0.8816,50.6400,0.0503,1.6997
350.50,-87.5832,-0.0017,0.5000,181.2415,-1.3619,-0.1544,-0.0002,   0,0.6850,-0.8168,49.6527,0.0494,1.6997
352.50,-87.5866,-0.0017,0.5000,180.2866,-1.3710,-0.1559,-0.0002,   0,0.6364,-0.7568,48.6779,0.0484,1.6997
354.50,-87.5900,-0.0017,0.5000,179.3419,-1.3796,-0.1574,-0.0002,   0,0.5913,-0.7013,47.7153,0.0475,1.6997
356.50,-87.5933,-0.0016,0.5000,178.4072,-1.3876,-0.1588,-0.0002,   0,0.5492,-0.6498,46.7647,0.0465,1.6997
358.50,-87.5965,-0.0016,0.5000,177.4825,-1.3950,-0.1603,-0.0002,   0,0.5101,-0.6022,45.8259,0.0456,1.6997
360.50,-87.5997,-0.0016,0.5000,176.5676,-1.4019,-0.1617,-0.0002,   0,0.4737,-0.5581,44.8985,0.0447,1.6997
362.50,-87.6029,-0.0016,0.5000,175.6624,-1.4083,-0.1631,-0.0002,   0,0.4398,-0.5173,43.9825,0.0437,1.6997
364.50,-87.6061,-0.0016,0.5000,174.7668,-1.4143,-0.1645,-0.0002,   0,0.4082,-0.4794,43.0776,0.0428,1.6997
366.50,-87.6092,-0.0015,0.5000,173.8806,-1.4199,-0.1659,-0.0002,   0,0.3789,-0.4444,42.1837,0.0420,1.6997
368.50,-87.6122,-0.0015,0.5000,173.0038,-1.4251,-0.1672,-0.0002,   0,0.3516,-0.4120,41.3004,0.0411,1.6997
370.50,-87.6152,-0.0015,0.5000,172.1362,-1.4299,-0.1686,-0.0002,   0,0.3262,-0.3820,40.4277,0.0402,1.6997
372.50,-87.6182,-0.0015,0.5000,171.2776,-1.4344,-0.1699,-0.0002,   0,0.3026,-0.3542,39.5654,0.0393,1.6997
374.50,-87.6212,-0.0015,0.5000,170.4280,-1.4386,-0.1712,-0.0002,   0,0.2806,-0.3284,38.7133,0.0385,1.6997
376.50,-87.6241,-0.0015,0.5000,169.5874,-1.4425,-0.1726,-0.0002,   0,0.2602,-0.3046,37.8713,0.0377,1.6997
378.50,-87.6270,-0.0014,0.5000,168.7554,-1.4460,-0.1739,-0.0002,   0,0.2412,-0.2825,37.0391,0.0368,1.6997
380.50,-87.6298,-0.0014,0.5000,167.9321,-1.4494,-0.1751,-0.0002,   0,0.2235,-0.2621,36.2167,0.0360,1.6997
382.50,-87.6326,-0.0014,0.5000,167.1173,-1.4525,-0.1764,-0.0002,   0,0.2071,-0.2432,35.4039,0.0352,1.6997
384.50,-87.6354,-0.0014,0.5000,166.3110,-1.4553,-0.1777,-0.0002,   0,0.1919,-0.2257,34.6005,0.0344,1.6997
386.50,-87.6381,-0.0014,0.5000,165.5130,-1.4580,-0.1789,-0.0002,   0,0.1777,-0.2094,33.8065,0.0336,1.6997
388.50,-87.6408,-0.0013,0.5000,164.7232,-1.4604,-0.1802,-0.0002,   0,0.1645,-0.1944,33.0216,0.0328,1.6997
390.50,-87.6435,-0.0013,0.5000,163.9415,-1.4627,-0.1814,-0.0002,   0,0.1523,-0.1805,32.2458,0.0320,1.6997
392.50,-87.6462,-0.0013,0.5000,163.1678,-1.4648,-0.1826,-0.0002,   0,0.1409,-0.1677,31.4790,0.0313,1.6997
394.50,-87.6488,-0.0013,0.5000,162.4021,-1.4667,-0.1838,-0.0002,   0,0.1303,-0.1557,30.7209,0.0305,1.6997
396.50,-87.6514,-0.0013,0.5000,161.6442,-1.4684,-0.1850,-0.0002,   0,0.1205,-0.1447,29.9715,0.0298,1.6997
398.50,-87.6539,-0.0013,0.5000,160.8939,-1.4701,-0.1862,-0.0002,   0,0.1114,-0.1345,29.2308,0.0290,1.6997
400.50,-87.6564,-0.0013,0.5000,160.1514,-1.4716,-0.1873,-0.0002,   0,0.1030,-0.1250,28.4984,0.0283,1.6997
402.50,-87.6589,-0.0012,0.5000,159.4163,-1.4729,-0.1885,-0.0002,   0,0.0952,-0.1163,27.7745,0.0276,1.6997
404.50,-87.6614,-0.0012,0.5000,158.6887,-1.4742,-0.1896,-0.0002,   0,0.0879,-0.1082,27.0587,0.0269,1.6997
406.50,-87.6638,-0.0012,0.5000,157.9684,-1.4753,-0.1908,-0.0002,   0,0.0811,-0.1007,26.3511,0.0261,1.6997
408.50,-87.6662,-0.0012,0.5000,157.2554,-1.4764,-0.1919,-0.0002,   0,0.0749,-0.0937,25.6516,0.0254,1.6997
410.50,-87.6686,-0.0012,0.5000,156.5495,-1.4773,-0.1930,-0.0002,   0,0.0691,-0.0873,24.9599,0.0247,1.6997
412.50,-87.6710,-0.0012,0.5000,155.8507,-1.4782,-0.1941,-0.0002,   0,0.0637,-0.0814,24.2761,0.0241,1.6997
414.50,-87.6733,-0.0012,0.5000,155.1589,-1.4789,-0.1952,-0.0002,   0,0.0587,-0.0758,23.6000,0.0234,1.6997
416.50,-87.6756,-0.0011,0.5000,154.4740,-1.4796,-0.1963,-0.0002,   0,0.0541,-0.0707,22.9316,0.0227,1.6997
418.50,-87.6779,-0.0011,0.5000,153.7960,-1.4803,-0.1973,-0.0002,   0,0.0498,-0.0660,22.2707,0.0221,1.6997
420.50,-87.6801,-0.0011,0.5000,153.1246,-1.4808,-0.1984,-0.0002,   0,0.0458,-0.0616,21.6172,0.0214,1.6997
422.50,-87.6823,-0.0011,0.5000,152.4600,-1.4813,-0.1995,-0.0002,   0,0.0422,-0.0576,20.9711,0.0208,1.6997
424.50,-87.6845,-0.0011,0.5000,151.8019,-1.4818,-0.2005,-0.0002,   0,0.0388,-0.0538,20.3323,0.0201,1.6997
426.50,-87.6867,-0.0011,0.5000,151.1503,-1.4821,-0.2015,-0.0002,   0,0.0356,-0.0504,19.7006,0.0195,1.6997
428.50,-87.6888,-0.0011,0.5000,150.5052,-1.4825,-0.2025,-0.0002,   0,0.0327,-0.0472,19.0760,0.0189,1.6997
430.50,-87.6910,-0.0011,0.5000,149.8663,-1.4828,-0.2035,-0.0002,   0,0.0300,-0.0442,18.4584,0.0182,1.6997
432.50,-87.6931,-0.0010,0.5000,149.2338,-1.4830,-0.2045,-0.0002,   0,0.0275,-0.0414,17.8477,0.0176,1.6997
434.50,-87.6951,-0.0010,0.5000,148.6074,-1.4832,-0.2055,-0.0002,   0,0.0252,-0.0389,17.2439,0.0170,1.6997
436.50,-87.6972,-0.0010,0.5000,147.9872,-1.4834,-0.2065,-0.0002,   0,0.0231,-0.0365,16.6468,0.0164,1.6997
438.50,-87.6992,-0.0010,0.5000,147.3730,-1.4835,-0.2075,-0.0002,   0,0.0211,-0.0343,16.0564,0.0158,1.6997
440.50,-87.7012,-0.0010,0.5000,146.7648,-1.4836,-0.2084,-0.0002,   0,0.0193,-0.0323,15.4726,0.0153,1.6997
442.50,-87.7032,-0.0010,0.5000,146.1625,-1.4836,-0.2094,-0.0002,   0,0.0176,-0.0304,14.8952,0.0147,1.6997
444.50,-87.7051,-0.0010,0.5000,145.5660,-1.4837,-0.2103,-0.0002,   0,0.0161,-0.0287,14.3243,0.0141,1.6997
446.50,-87.7071,-0.0010,0.5000,144.9754,-1.4837,-0.2113,-0.0002,   0,0.0147,-0.0271,13.7598,0.0135,1.6997
448.50,-87.7090,-0.0010,0.5000,144.3904,-1.4837,-0.2122,-0.0002,   0,0.0133,-0.0256,13.2016,0.0130,1.6997
450.50,-87.7109,-0.0009,0.5000,143.8110,-1.4836,-0.2131,-0.0002,   0,0.0121,-0.0242,12.6495,0.0124,1.6997
452.50,-87.7127,-0.0009,0.5000,143.2372,-1.4835,-0.2140,-0.0002,   0,0.0110,-0.0230,12.1036,0.0119,1.6997
454.50,-87.7146,-0.0009,0.5000,142.6689,-1.4835,-0.2149,-0.0002,   0,0.0100,-0.0218,11.5637,0.0113,1.6997
456.50,-87.7164,-0.0009,0.5000,142.1061,-1.4834,-0.2158,-0.0002,   0,0.0090,-0.0207,11.0298,0.0108,1.6997
458.50,-87.7182,-0.0009,0.5000,141.5486,-1.4832,-0.2167,-0.0002,   0,0.0082,-0.0197,10.5018,0.0103,1.6997
460.50,-87.7200,-0.0009,0.5000,140.9965,-1.4831,-0.2176,-0.0002,   0,0.0074,-0.0187,9.9797,0.0098,1.6997
462.50,-87.7218,-0.0009,0.5000,140.4496,-1.4830,-0.2184,-0.0002,   0,0.0066,-0.0179,9.4634,0.0092,1.6997
464.50,-87.7235,-0.0009,0.5000,139.9079,-1.4828,-0.2193,-0.0002,   0,0.0060,-0.0171,8.9527,0.0087,1.6997
466.50,-87.7252,-0.0009,0.5000,139.3714,-1.4826,-0.2201,-0.0002,   0,0.0053,-0.0163,8.4477,0.0082,1.6997
468.50,-87.7269,-0.0008,0.5000,138.8399,-1.4824,-0.2210,-0.0002,   0,0.0048,-0.0156,7.9483,0.0077,1.6997
470.50,-87.7286,-0.0008,0.5000,138.3135,-1.4822,-0.2218,-0.0002,   0,0.0043,-0.0150,7.4543,0.0072,1.6997
472.50,-87.7303,-0.0008,0.5000,137.7920,-1.4820,-0.2226,-0.0002,   0,0.0038,-0.0144,6.9659,0.0067,1.6997
474.50,-87.7319,-0.0008,0.5000,137.2754,-1.4818,-0.2234,-0.0002,   0,0.0033,-0.0138,6.4827,0.0062,1.6997
476.50,-87.7336,-0.0008,0.5000,136.7637,-1.4816,-0.2243,-0.0002,   0,0.0029,-0.0133,6.0049,0.0058,1.6997
478.50,-87.7352,-0.0008,0.5000,136.2567,-1.4814,-0.2251,-0.0002,   0,0.0026,-0.0129,5.5324,0.0053,1.6997
480.50,-87.7368,-0.0008,0.5000,135.7545,-1.4811,-0.2258,-0.0002,   0,0.0022,-0.0124,5.0650,0.0048,1.6997
482.50,-87.7384,-0.0008,0.5000,135.2570,-1.4809,-0.2266,-0.0002,   0,0.0019,-0.0120,4.6028,0.0044,1.6997
484.50,-87.7399,-0.0008,0.5000,134.7642,-1.4806,-0.2274,-0.0002,   0,0.0017,-0.0116,4.1456,0.0039,1.6997
486.50,-87.7415,-0.0008,0.5000,134.2759,-1.4804,-0.2282,-0.0002,   0,0.0014,-0.0113,3.6935,0.0035,1.6997
488.50,-87.7430,-0.0008,0.5000,133.7922,-1.4801,-0.2289,-0.0002,   0,0.0012,-0.0110,3.2462,0.0030,1.6997
490.50,-87.7445,-0.0008,0.5000,133.3130,-1.4799,-0.2297,-0.0002,   0,0.0010,-0.0107,2.8039,0.0026,1.6997
492.50,-87.7460,-0.0007,0.5000,132.8382,-1.4796,-0.2305,-0.0002,   0,0.0008,-0.0104,2.3664,0.0021,1.6997
494.50,-87.7475,-0.0007,0.5000,132.3677,-1.4793,-0.2312,-0.0002,   0,0.0006,-0.0101,1.9337,0.0017,1.6997
496.50,-87.7489,-0.0007,0.5000,131.9017,-1.4790,-0.2319,-0.0002,   0,0.0004,-0.0099,1.5057,0.0013,1.6997
498.50,-87.7504,-0.0007,0.5000,131.4399,-1.4788,-0.2327,-0.0002,   0,0.0003,-0.0097,1.0823,0.0008,1.6997
500.50,-87.7518,-0.0007,0.5000,130.9824,-1.4785,-0.2334,-0.0002,   0,0.0002,-0.0095,0.6636,0.0004,1.6997
502.50,-87.7532,-0.0007,0.5000,130.5290,-1.4782,-0.2341,-0.0002,   0,0.0001,-0.0093,0.2494,0.0000,1.6997
504.50,-87.7546,-0.0007,0.5000,130.0798,-1.4779,-0.2348,-0.0002,  -0,-0.0000,-0.0091,-0.1603,-0.0004,1.6997
506.50,-87.7560,-0.0007,0.5000,129.6348,-1.4777,-0.2355,-0.0002,  -0,-0.0001,-0.0089,-0.5655,-0.0008,1.6997
508.50,-87.7573,-0.0007,0.5000,129.1938,-1.4774,-0.2362,-0.0002,  -0,-0.0002,-0.0088,-0.9663,-0.0012,1.6997
510.50,-87.7587,-0.0007,0.5000,128.7568,-1.4771,-0.2369,-0.0002,  -0,-0.0003,-0.0086,-1.3628,-0.0016,1.6997
512.50,-87.7600,-0.0007,0.5000,128.3238,-1.4768,-0.2376,-0.0002,  -0,-0.0004,-0.0085,-1.7550,-0.0020,1.6997
514.50,-87.7614,-0.0007,0.5000,127.8947,-1.4765,-0.2383,-0.0002,  -0,-0.0004,-0.0084,-2.1430,-0.0024,1.6997
516.50,-87.7627,-0.0007,0.5000,127.4695,-1.4763,-0.2389,-0.0002,  -0,-0.0005,-0.0083,-2.5268,-0.0028,1.6997
518.50,-87.7640,-0.0006,0.5000,127.0482,-1.4760,-0.2396,-0.0002,  -0,-0.0005,-0.0082,-2.9064,-0.0032,1.6997
520.50,-87.7652,-0.0006,0.5000,126.6307,-1.4757,-0.2402,-0.0002,  -0,-0.0005,-0.0081,-3.2819,-0.0035,1.6997
522.50,-87.7665,-0.0006,0.5000,126.2170,-1.4754,-0.2409,-0.0002,  -0,-0.0006,-0.0080,-3.6534,-0.0039,1.6997
524.50,-87.7677,-0.0006,0.5000,125.8070,-1.4751,-0.2415,-0.0002,  -0,-0.0006,-0.0079,-4.0209,-0.0043,1.6997
526.50,-87.7690,-0.0006,0.5000,125.4007,-1.4749,-0.2422,-0.0002,  -0,-0.0006,-0.0078,-4.3845,-0.0046,1.6997
528.50,-87.7702,-0.0006,0.5000,124.9980,-1.4746,-0.2428,-0.0002,  -0,-0.0007,-0.0077,-4.7441,-0.0050,1.6997
530.50,-87.7714,-0.0006,0.5000,124.5990,-1.4743,-0.2434,-0.0002,  -0,-0.0007,-0.0077,-5.0999,-0.0054,1.6997
532.50,-87.7726,-0.0006,0.5000,124.2035,-1.4740,-0.2441,-0.0002,  -0,-0.0007,-0.0076,-5.4518,-0.0057,1.6997
534.50,-87.7738,-0.0006,0.5000,123.8116,-1.4737,-0.2447,-0.0002,  -0,-0.0007,-0.0075,-5.8000,-0.0061,1.6997
536.50,-87.7750,-0.0006,0.5000,123.4231,-1.4735,-0.2453,-0.0002,  -0,-0.0007,-0.0075,-6.1445,-0.0064,1.6997
538.50,-87.7761,-0.0006,0.5000,123.0382,-1.4732,-0.2459,-0.0002,  -0,-0.0007,-0.0074,-6.4852,-0.0067,1.6997
540.50,-87.7773,-0.0006,0.5000,122.6566,-1.4729,-0.2465,-0.0002,  -0,-0.0007,-0.0074,-6.8224,-0.0071,1.6997
542.50,-87.7784,-0.0006,0.5000,122.2785,-1.4727,-0.2471,-0.0002,  -0,-0.0007,-0.0073,-7.1559,-0.0074,1.6997
544.50,-87.7795,-0.0006,0.5000,121.9037,-1.4724,-0.2477,-0.0002,  -0,-0.0007,-0.0073,-7.4859,-0.0077,1.6997
546.50,-87.7806,-0.0006,0.5000,121.5323,-1.4721,-0.2483,-0.0002,  -0,-0.0007,-0.0072,-7.8124,-0.0081,1.6997
548.50,-87.7817,-0.0005,0.5000,121.1641,-1.4719,-0.2488,-0.0002,  -0,-0.0007,-0.0072,-8.1354,-0.0084,1.6997
550.50,-87.7828,-0.0005,0.5000,120.7992,-1.4716,-0.2494,-0.0002,  -0,-0.0007,-0.0072,-8.4550,-0.0087,1.6997
552.50,-87.7839,-0.0005,0.5000,120.4375,-1.4713,-0.2500,-0.0002,  -0,-0.0007,-0.0071,-8.7711,-0.0090,1.6997
554.50,-87.7850,-0.0005,0.5000,120.0790,-1.4711,-0.2505,-0.0002,  -0,-0.0007,-0.0071,-9.0840,-0.0093,1.6997
556.50,-87.7860,-0.0005,0.5000,119.7237,-1.4708,-0.2511,-0.0002,  -0,-0.0007,-0.0071,-9.3935,-0.0097,1.6997
558.50,-87.7870,-0.0005,0.5000,119.3715,-1.4706,-0.2516,-0.0002,  -0,-0.0007,-0.0070,-9.6997,-0.0100,1.6997
560.50,-87.7881,-0.0005,0.5000,119.0224,-1.4703,-0.2522,-0.0002,  -0,-0.0007,-0.0070,-10.0027,-0.0103,1.6997
562.50,-87.7891,-0.0005,0.5000,118.6764,-1.4700,-0.2527,-0.0002,  -0,-0.0007,-0.0070,-10.3025,-0.0106,1.6997
564.50,-87.7901,-0.0005,0.5000,118.3334,-1.4698,-0.2533,-0.0002,  -0,-0.0007,-0.0070,-10.5991,-0.0109,1.6997
566.50,-87.7911,-0.0005,0.5000,117.9933,-1.4695,-0.2538,-0.0002,  -0,-0.0007,-0.0069,-10.8926,-0.0112,1.6997
568.50,-87.7921,-0.0005,0.5000,117.6563,-1.4693,-0.2543,-0.0002,  -0,-0.0007,-0.0069,-11.1830,-0.0114,1.6997
570.50,-87.7931,-0.0005,0.5000,117.3222,-1.4691,-0.2548,-0.0002,  -0,-0.0007,-0.0069,-11.4704,-0.0117,1.6997
572.50,-87.7940,-0.0005,0.5000,116.9910,-1.4688,-0.2554,-0.0002,  -0,-0.0007,-0.0069,-11.7547,-0.0120,1.6997
574.50,-87.7950,-0.0005,0.5000,116.6627,-1.4686,-0.2559,-0.0002,  -0,-0.0007,-0.0068,-12.0361,-0.0123,1.6997
576.50,-87.7959,-0.0005,0.5000,116.3373,-1.4683,-0.2564,-0.0002,  -0,-0.0007,-0.0068,-12.3145,-0.0126,1.6997
578.50,-87.7969,-0.0005,0.5000,116.0147,-1.4681,-0.2569,-0.0002,  -0,-0.0007,-0.0068,-12.5900,-0.0129,1.6997
580.50,-87.7978,-0.0005,0.5000,115.6949,-1.4679,-0.2574,-0.0002,  -0,-0.0007,-0.0068,-12.8626,-0.0131,1.6997
582.50,-87.7987,-0.0005,0.5000,115.3778,-1.4676,-0.2579,-0.0002,  -0,-0.0007,-0.0068,-13.1324,-0.0134,1.6997
584.50,-87.7996,-0.0005,0.5000,115.0635,-1.4674,-0.2584,-0.0002,  -0,-0.0007,-0.0068,-13.3993,-0.0137,1.6997
586.50,-87.8005,-0.0004,0.5000,114.7520,-1.4672,-0.2588,-0.0002,  -0,-0.0007,-0.0067,-13.6635,-0.0139,1.6997
588.50,-87.8014,-0.0004,0.5000,114.4431,-1.4669,-0.2593,-0.0002,  -0,-0.0007,-0.0067,-13.9249,-0.0142,1.6997
590.50,-87.8023,-0.0004,0.5000,114.1368,-1.4667,-0.2598,-0.0002,  -0,-0.0007,-0.0067,-14.1836,-0.0145,1.6997
592.50,-87.8031,-0.0004,0.5000,113.8333,-1.4665,-0.2603,-0.0002,  -0,-0.0007,-0.0067,-14.4396,-0.0147,1.6997
594.50,-87.8040,-0.0004,0.5000,113.5323,-1.4663,-0.2607,-0.0002,  -0,-0.0007,-0.0067,-14.6929,-0.0150,1.6997
596.50,-87.8048,-0.0004,0.5000,113.2339,-1.4661,-0.2612,-0.0002,  -0,-0.0007,-0.0067,-14.9436,-0.0152,1.6997
598.50,-87.8057,-0.0004,0.5000,112.9381,-1.4658,-0.2617,-0.0002,  -0,-0.0006,-0.0067,-15.1917,-0.0155,1.6997
600.50,-87.8065,-0.0004,0.5000,112.6448,-1.4656,-0.2621,-0.0002,  -0,-0.0006,-0.0067,-15.4373,-0.0157,1.6997
602.50,-87.8073,-0.0004,0.5000,112.3540,-1.4654,-0.2626,-0.0002,  -0,-0.0006,-0.0066,-15.6803,-0.0160,1.6997
604.50,-87.8082,-0.0004,0.5000,112.0657,-1.4652,-0.2630,-0.0002,  -0,-0.0006,-0.0066,-15.9208,-0.0162,1.6997
606.50,-87.8090,-0.0004,0.5000,111.7799,-1.4650,-0.2635,-0.0002,  -0,-0.0006,-0.0066,-16.1588,-0.0164,1.6997
608.50,-87.8098,-0.0004,0.5000,111.4965,-1.4648,-0.2639,-0.0002,  -0,-0.0006,-0.0066,-16.3944,-0.0167,1.6997
610.50,-87.8106,-0.0004,0.5000,111.2155,-1.4646,-0.2643,-0.0002,  -0,-0.0006,-0.0066,-16.6275,-0.0169,1.6997
612.50,-87.8113,-0.0004,0.5000,110.9370,-1.4644,-0.2648,-0.0002,  -0,-0.0006,-0.0066,-16.8583,-0.0171,1.6997
614.50,-87.8121,-0.0004,0.5000,110.6608,-1.4642,-0.2652,-0.0002,  -0,-0.0006,-0.0066,-17.0866,-0.0174,1.6997
616.50,-87.8129,-0.0004,0.5000,110.3869,-1.4640,-0.2656,-0.0002,  -0,-0.0006,-0.0066,-17.3126,-0.0176,1.6997
618.50,-87.8136,-0.0004,0.5000,110.1154,-1.4638,-0.2660,-0.0002,  -0,-0.0006,-0.0066,-17.5364,-0.0178,1.6997
620.50,-87.8144,-0.0004,0.5000,109.8462,-1.4636,-0.2664,-0.0002,  -0,-0.0006,-0.0066,-17.7578,-0.0180,1.6997
622.50,-87.8151,-0.0004,0.5000,109.5792,-1.4634,-0.2669,-0.0002,  -0,-0.0006,-0.0065,-17.9769,-0.0183,1.6997
624.50,-87.8159,-0.0004,0.5000,109.3145,-1.4632,-0.2673,-0.0002,  -0,-0.0006,-0.0065,-18.1938,-0.0185,1.6997
626.50,-87.8166,-0.0004,0.5000,109.0521,-1.4630,-0.2677,-0.0002,  -0,-0.0006,-0.0065,-18.4085,-0.0187,1.6997
628.50,-87.8173,-0.0004,0.5000,108.7919,-1.4628,-0.2681,-0.0002,  -0,-0.0006,-0.0065,-18.6210,-0.0189,1.6997
630.50,-87.8180,-0.0004,0.5000,108.5339,-1.4626,-0.2685,-0.0002,  -0,-0.0006,-0.0065,-18.8314,-0.0191,1.6997
632.50,-87.8187,-0.0004,0.5000,108.2780,-1.4625,-0.2689,-0.0002,  -0,-0.0006,-0.0065,-19.0396,-0.0193,1.6997
634.50,-87.8194,-0.0003,0.5000,108.0243,-1.4623,-0.2692,-0.0002,  -0,-0.0006,-0.0065,-19.2457,-0.0195,1.6997
636.50,-87.8201,-0.0003,0.5000,107.7728,-1.4621,-0.2696,-0.0002,  -0,-0.0006,-0.0065,-19.4497,-0.0197,1.6997
638.50,-87.8208,-0.0003,0.5000,107.5234,-1.4619,-0.2700,-0.0002,  -0,-0.0006,-0.0065,-19.6516,-0.0199,1.6997
640.50,-87.8215,-0.0003,0.5000,107.2760,-1.4617,-0.2704,-0.0002,  -0,-0.0006,-0.0065,-19.8515,-0.0201,1.6997
642.50,-87.8222,-0.0003,0.5000,107.0308,-1.4616,-0.2708,-0.0002,  -0,-0.0006,-0.0065,-20.0494,-0.0203,1.6997
644.50,-87.8228,-0.0003,0.5000,106.7876,-1.4614,-0.2711,-0.0002,  -0,-0.0006,-0.0064,-20.2452,-0.0205,1.6997
646.50,-87.8235,-0.0003,0.5000,106.5464,-1.4612,-0.2715,-0.0002,  -0,-0.0006,-0.0064,-20.4391,-0.0207,1.6997
648.50,-87.8241,-0.0003,0.5000,106.3073,-1.4610,-0.2719,-0.0002,  -0,-0.0006,-0.0064,-20.6310,-0.0209,1.6997
650.50,-87.8248,-0.0003,0.5000,106.0701,-1.4609,-0.2722,-0.0002,  -0,-0.0006,-0.0064,-20.8210,-0.0211,1.6997
652.50,-87.8254,-0.0003,0.5000,105.8350,-1.4607,-0.2726,-0.0002,  -0,-0.0006,-0.0064,-21.0091,-0.0213,1.6997
654.50,-87.8260,-0.0003,0.5000,105.6018,-1.4605,-0.2729,-0.0002,  -0,-0.0006,-0.0064,-21.1953,-0.0215,1.6997
656.50,-87.8267,-0.0003,0.5000,105.3705,-1.4604,-0.2733,-0.0002,  -0,-0.0006,-0.0064,-21.3796,-0.0217,1.6997
658.50,-87.8273,-0.0003,0.5000,105.1412,-1.4602,-0.2736,-0.0002,  -0,-0.0006,-0.0064,-21.5621,-0.0218,1.6997
660.50,-87.8279,-0.0003,0.5000,104.9138,-1.4600,-0.2740,-0.0002,  -0,-0.0006,-0.0064,-21.7427,-0.0220,1.6997
662.50,-87.8285,-0.0003,0.5000,104.6883,-1.4599,-0.2743,-0.0002,  -0,-0.0006,-0.0064,-21.9215,-0.0222,1.6997
664.50,-87.8291,-0.0003,0.5000,104.4647,-1.4597,-0.2747,-0.0002,  -0,-0.0006,-0.0064,-22.0986,-0.0224,1.6997
666.50,-87.8297,-0.0003,0.5000,104.2429,-1.4596,-0.2750,-0.0002,  -0,-0.0006,-0.0064,-22.2738,-0.0226,1.6997
668.50,-87.8303,-0.0003,0.5000,104.0230,-1.4594,-0.2753,-0.0002,  -0,-0.0006,-0.0064,-22.4474,-0.0227,1.6997
670.50,-87.8309,-0.0003,0.5000,103.8049,-1.4593,-0.2757,-0.0002,  -0,-0.0006,-0.0063,-22.6192,-0.0229,1.6997
672.50,-87.8314,-0.0003,0.5000,103.5886,-1.4591,-0.2760,-0.0002,  -0,-0.0006,-0.0063,-22.7892,-0.0231,1.6997
674.50,-87.8320,-0.0003,0.5000,103.3741,-1.4590,-0.2763,-0.0002,  -0,-0.0006,-0.0063,-22.9576,-0.0232,1.6997
676.50,-87.8326,-0.0003,0.5000,103.1614,-1.4588,-0.2767,-0.0002,  -0,-0.0006,-0.0063,-23.1243,-0.0234,1.6997
678.50,-87.8331,-0.0003,0.5000,102.9504,-1.4587,-0.2770,-0.0002,  -0,-0.0006,-0.0063,-23.2894,-0.0236,1.6997
680.50,-87.8337,-0.0003,0.5000,102.7412,-1.4585,-0.2773,-0.0002,  -0,-0.0006,-0.0063,-23.4528,-0.0237,1.6997
682.50,-87.8342,-0.0003,0.5000,102.5337,-1.4584,-0.2776,-0.0002,  -0,-0.0006,-0.0063,-23.6146,-0.0239,1.6997
684.50,-87.8348,-0.0003,0.5000,102.3280,-1.4582,-0.2779,-0.0002,  -0,-0.0006,-0.0063,-23.7748,-0.0241,1.6997
686.50,-87.8353,-0.0003,0.5000,102.1239,-1.4581,-0.2782,-0.0002,  -0,-0.0006,-0.0063,-23.9334,-0.0242,1.6997
688.50,-87.8359,-0.0003,0.5000,101.9215,-1.4580,-0.2785,-0.0002,  -0,-0.0006,-0.0063,-24.0905,-0.0244,1.6997
690.50,-87.8364,-0.0003,0.5000,101.7208,-1.4578,-0.2788,-0.0002,  -0,-0.0006,-0.0063,-24.2460,-0.0245,1.6997
692.50,-87.8369,-0.0003,0.5000,101.5218,-1.4577,-0.2791,-0.0002,  -0,-0.0006,-0.0063,-24.3999,-0.0247,1.6997
694.50,-87.8374,-0.0003,0.5000,101.3243,-1.4575,-0.2794,-0.0002,  -0,-0.0006,-0.0063,-24.5524,-0.0248,1.6997
696.50,-87.8379,-0.0003,0.5000,101.1285,-1.4574,-0.2797,-0.0002,  -0,-0.0007,-0.0062,-24.7033,-0.0250,1.6997
698.50,-87.8384,-0.0003,0.5000,100.9344,-1.4573,-0.2800,-0.0002,  -0,-0.0007,-0.0062,-24.8528,-0.0251,1.6997
700.50,-87.8389,-0.0002,0.5000,100.7418,-1.4571,-0.2803,-0.0002,  -0,-0.0007,-0.0062,-25.0008,-0.0253,1.6997
702.50,-87.8394,-0.0002,0.5000,100.5508,-1.4570,-0.2806,-0.0002,  -0,-0.0007,-0.0062,-25.1473,-0.0254,1.6997
704.50,-87.8399,-0.0002,0.5000,100.3613,-1.4569,-0.2809,-0.0002,  -0,-0.0007,-0.0062,-25.2924,-0.0256,1.6997
706.50,-87.8404,-0.0002,0.5000,100.1735,-1.4567,-0.2812,-0.0002,  -0,-0.0007,-0.0062,-25.4361,-0.0257,1.6997
708.50,-87.8409,-0.0002,0.5000,99.9871,-1.4566,-0.2814,-0.0002,  -0,-0.0007,-0.0062,-25.5784,-0.0259,1.6997
710.50,-87.8414,-0.0002,0.5000,99.8023,-1.4565,-0.2817,-0.0002,  -0,-0.0007,-0.0062,-25.7193,-0.0260,1.6997
712.50,-87.8418,-0.0002,0.5000,99.6190,-1.4564,-0.2820,-0.0002,  -0,-0.0007,-0.0062,-25.8588,-0.0261,1.6997
714.50,-87.8423,-0.0002,0.5000,99.4372,-1.4562,-0.2823,-0.0002,  -0,-0.0007,-0.0062,-25.9970,-0.0263,1.6997
716.50,-87.8428,-0.0002,0.5000,99.2569,-1.4561,-0.2825,-0.0002,  -0,-0.0007,-0.0062,-26.1338,-0.0264,1.6997
718.50,-87.8432,-0.0002,0.5000,99.0781,-1.4560,-0.2828,-0.0002,  -0,-0.0007,-0.0062,-26.2693,-0.0266,1.6997
720.50,-87.8437,-0.0002,0.5000,98.9007,-1.4559,-0.2831,-0.0002,  -0,-0.0007,-0.0062,-26.4034,-0.0267,1.6997
722.50,-87.8441,-0.0002,0.5000,98.7248,-1.4558,-0.2833,-0.0002,  -0,-0.0007,-0.0062,-26.5363,-0.0268,1.6997
724.50,-87.8446,-0.0002,0.5000,98.5503,-1.4556,-0.2836,-0.0002,  -0,-0.0007,-0.0061,-26.6678,-0.0270,1.6997
726.50,-87.8450,-0.0002,0.5000,98.3773,-1.4555,-0.2838,-0.0002,  -0,-0.0007,-0.0061,-26.7981,-0.0271,1.6997
728.50,-87.8455,-0.0002,0.5000,98.2056,-1.4554,-0.2841,-0.0002,  -0,-0.0007,-0.0061,-26.9271,-0.0272,1.6997
730.50,-87.8459,-0.0002,0.5000,98.0354,-1.4553,-0.2844,-0.0002,  -0,-0.0007,-0.0061,-27.0549,-0.0273,1.6997
732.50,-87.8463,-0.0002,0.5000,97.8665,-1.4552,-0.2846,-0.0002,  -0,-0.0007,-0.0061,-27.1815,-0.0275,1.6997
734.50,-87.8468,-0.0002,0.5000,97.6991,-1.4551,-0.2849,-0.0002,  -0,-0.0007,-0.0061,-27.3068,-0.0276,1.6997
736.50,-87.8472,-0.0002,0.5000,97.5329,-1.4550,-0.2851,-0.0002,  -0,-0.0007,-0.0061,-27.4309,-0.0277,1.6997
738.50,-87.8476,-0.0002,0.5000,97.3682,-1.4548,-0.2853,-0.0002,  -0,-0.0007,-0.0061,-27.5538,-0.0278,1.6997
740.50,-87.8480,-0.0002,0.5000,97.2048,-1.4547,-0.2856,-0.0002,  -0,-0.0007,-0.0061,-27.6755,-0.0280,1.6997
742.50,-87.8484,-0.0002,0.5000,97.0427,-1.4546,-0.2858,-0.0002,  -0,-0.0007,-0.0061,-27.7961,-0.0281,1.6997
744.50,-87.8488,-0.0002,0.5000,96.8819,-1.4545,-0.2861,-0.0002,  -0,-0.0007,-0.0061,-27.9155,-0.0282,1.6997
746.50,-87.8492,-0.0002,0.5000,96.7225,-1.4544,-0.2863,-0.0002,  -0,-0.0007,-0.0061,-28.0337,-0.0283,1.6997
748.50,-87.8496,-0.0002,0.5000,96.5643,-1.4543,-0.2865,-0.0002,  -0,-0.0007,-0.0061,-28.1508,-0.0284,1.6997
750.50,-87.8500,-0.0002,0.5000,96.4074,-1.4542,-0.2868,-0.0002,  -0,-0.0007,-0.0061,-28.2668,-0.0286,1.6997
752.50,-87.8504,-0.0002,0.5000,96.2518,-1.4541,-0.2870,-0.0002,  -0,-0.0007,-0.0060,-28.3817,-0.0287,1.6997
754.50,-87.8508,-0.0002,0.5000,96.0975,-1.4540,-0.2872,-0.0002,  -0,-0.0007,-0.0060,-28.4954,-0.0288,1.6997
756.50,-87.8512,-0.0002,0.5000,95.9444,-1.4539,-0.2875,-0.0002,  -0,-0.0007,-0.0060,-28.6081,-0.0289,1.6997
758.50,-87.8516,-0.0002,0.5000,95.7925,-1.4538,-0.2877,-0.0002,  -0,-0.0007,-0.0060,-28.7197,-0.0290,1.6997
760.50,-87.8519,-0.0002,0.5000,95.6419,-1.4537,-0.2879,-0.0002,  -0,-0.0007,-0.0060,-28.8303,-0.0291,1.6997
762.50,-87.8523,-0.0002,0.5000,95.4925,-1.4536,-0.2881,-0.0002,  -0,-0.0007,-0.0060,-28.9398,-0.0292,1.6997
764.50,-87.8527,-0.0002,0.5000,95.3443,-1.4535,-0.2883,-0.0002,  -0,-0.0007,-0.0060,-29.0482,-0.0293,1.6997
766.50,-87.8530,-0.0002,0.5000,95.1973,-1.4534,-0.2886,-0.0002,  -0,-0.0007,-0.0060,-29.1556,-0.0295,1.6997
768.50,-87.8534,-0.0002,0.5000,95.0515,-1.4533,-0.2888,-0.0002,  -0,-0.0007,-0.0060,-29.2620,-0.0296,1.6997
770.50,-87.8538,-0.0002,0.5000,94.9069,-1.4532,-0.2890,-0.0002,  -0,-0.0007,-0.0060,-29.3674,-0.0297,1.6997
772.50,-87.8541,-0.0002,0.5000,94.7635,-1.4531,-0.2892,-0.0002,  -0,-0.0007,-0.0060,-29.4717,-0.0298,1.6997
774.50,-87.8545,-0.0002,0.5000,94.6212,-1.4530,-0.2894,-0.0002,  -0,-0.0007,-0.0060,-29.5751,-0.0299,1.6997
776.50,-87.8548,-0.0002,0.5000,94.4801,-1.4529,-0.2896,-0.0002,  -0,-0.0007,-0.0060,-29.6775,-0.0300,1.6997
778.50,-87.8552,-0.0002,0.5000,94.3401,-1.4529,-0.2898,-0.0002,  -0,-0.0007,-0.0060,-29.7789,-0.0301,1.6997
780.50,-87.8555,-0.0002,0.5000,94.2013,-1.4528,-0.2900,-0.0002,  -0,-0.0008,-0.0060,-29.8794,-0.0302,1.6997
782.50,-87.8558,-0.0002,0.5000,94.0635,-1.4527,-0.2902,-0.0002,  -0,-0.0008,-0.0059,-29.9789,-0.0303,1.6997
784.50,-87.8562,-0.0002,0.5000,93.9269,-1.4526,-0.2904,-0.0002,  -0,-0.0008,-0.0059,-30.0775,-0.0304,1.6997
786.50,-87.8565,-0.0002,0.5000,93.7914,-1.4525,-0.2906,-0.0002,  -0,-0.0008,-0.0059,-30.1751,-0.0305,1.6997
788.50,-87.8568,-0.0002,0.5000,93.6570,-1.4524,-0.2908,-0.0002,  -0,-0.0008,-0.0059,-30.2718,-0.0306,1.6997
790.50,-87.8572,-0.0002,0.5000,93.5237,-1.4523,-0.2910,-0.0002,  -0,-0.0008,-0.0059,-30.3676,-0.0307,1.6997
792.50,-87.8575,-0.0002,0.5000,93.3914,-1.4522,-0.2912,-0.0002,  -0,-0.0008,-0.0059,-30.4625,-0.0308,1.6997
794.50,-87.8578,-0.0002,0.5000,93.2602,-1.4522,-0.2914,-0.0002,  -0,-0.0008,-0.0059,-30.5565,-0.0309,1.6997
796.50,-87.8581,-0.0002,0.5000,93.1301,-1.4521,-0.2916,-0.0002,  -0,-0.0008,-0.0059,-30.6496,-0.0309,1.6997
798.50,-87.8584,-0.0002,0.5000,93.0010,-1.4520,-0.2918,-0.0002,  -0,-0.0008,-0.0059,-30.7419,-0.0310,1.6997
800.50,-87.8587,-0.0002,0.5000,92.8730,-1.4519,-0.2920,-0.0002,  -0,-0.0008,-0.0059,-30.8332,-0.0311,1.6997
802.50,-87.8590,-0.0002,0.5000,92.7460,-1.4518,-0.2921,-0.0002,  -0,-0.0008,-0.0059,-30.9238,-0.0312,1.6997
804.50,-87.8594,-0.0002,0.5000,92.6200,-1.4517,-0.2923,-0.0002,  -0,-0.0008,-0.0059,-31.0134,-0.0313,1.6997
806.50,-87.8597,-0.0002,0.5000,92.4951,-1.4517,-0.2925,-0.0002,  -0,-0.0008,-0.0059,-31.1022,-0.0314,1.6997
808.50,-87.8600,-0.0001,0.5000,92.3711,-1.4516,-0.2927,-0.0002,  -0,-0.0008,-0.0059,-31.1902,-0.0315,1.6997
810.50,-87.8603,-0.0001,0.5000,92.2482,-1.4515,-0.2929,-0.0002,  -0,-0.0008,-0.0059,-31.2774,-0.0316,1.6997
812.50,-87.8605,-0.0001,0.5000,92.1262,-1.4514,-0.2930,-0.0002,  -0,-0.0008,-0.0059,-31.3637,-0.0317,1.6997
814.50,-87.8608,-0.0001,0.5000,92.0052,-1.4514,-0.2932,-0.0002,  -0,-0.0008,-0.0058,-31.4493,-0.0318,1.6997
816.50,-87.8611,-0.0001,0.5000,91.8852,-1.4513,-0.2934,-0.0002,  -0,-0.0008,-0.0058,-31.5340,-0.0318,1.6997
818.50,-87.8614,-0.0001,0.5000,91.7662,-1.4512,-0.2936,-0.0002,  -0,-0.0008,-0.0058,-31.6179,-0.0319,1.6997
820.50,-87.8617,-0.0001,0.5000,91.6481,-1.4511,-0.2937,-0.0002,  -0,-0.0008,-0.0058,-31.7011,-0.0320,1.6997
822.50,-87.8620,-0.0001,0.5000,91.5310,-1.4511,-0.2939,-0.0002,  -0,-0.0008,-0.0058,-31.7835,-0.0321,1.6997
824.50,-87.8623,-0.0001,0.5000,91.4149,-1.4510,-0.2941,-0.0002,  -0,-0.0008,-0.0058,-31.8651,-0.0322,1.6997
826.50,-87.8625,-0.0001,0.5000,91.2996,-1.4509,-0.2942,-0.0002,  -0,-0.0008,-0.0058,-31.9459,-0.0322,1.6997
828.50,-87.8628,-0.0001,0.5000,91.1853,-1.4508,-0.2944,-0.0002,  -0,-0.0008,-0.0058,-32.0260,-0.0323,1.6997
830.50,-87.8631,-0.0001,0.5000,91.0719,-1.4508,-0.2946,-0.0002,  -0,-0.0008,-0.0058,-32.1054,-0.0324,1.6997
832.50,-87.8633,-0.0001,0.5000,90.9595,-1.4507,-0.2947,-0.0002,  -0,-0.0008,-0.0058,-32.1840,-0.0325,1.6997
834.50,-87.8636,-0.0001,0.5000,90.8479,-1.4506,-0.2949,-0.0002,  -0,-0.0008,-0.0058,-32.2618,-0.0326,1.6997
836.50,-87.8639,-0.0001,0.5000,90.7373,-1.4506,-0.2951,-0.0002,  -0,-0.0008,-0.0058,-32.3390,-0.0326,1.6997
838.50,-87.8641,-0.0001,0.5000,90.6275,-1.4505,-0.2952,-0.0002,  -0,-0.0008,-0.0058,-32.4154,-0.0327,1.6997
840.50,-87.8644,-0.0001,0.5000,90.5186,-1.4504,-0.2954,-0.0002,  -0,-0.0008,-0.0058,-32.4911,-0.0328,1.6997
842.50,-87.8646,-0.0001,0.5000,90.4106,-1.4504,-0.2955,-0.0002,  -0,-0.0008,-0.0058,-32.5662,-0.0329,1.6997
844.50,-87.8649,-0.0001,0.5000,90.3035,-1.4503,-0.2957,-0.0002,  -0,-0.0008,-0.0058,-32.6405,-0.0329,1.6997
846.50,-87.8651,-0.0001,0.5000,90.1972,-1.4502,-0.2958,-0.0002,  -0,-0.0008,-0.0057,-32.7141,-0.0330,1.6997
848.50,-87.8654,-0.0001,0.5000,90.0918,-1.4502,-0.2960,-0.0002,  -0,-0.0008,-0.0057,-32.7871,-0.0331,1.6997
850.50,-87.8656,-0.0001,0.5000,89.9872,-1.4501,-0.2961,-0.0002,  -0,-0.0008,-0.0057,-32.8593,-0.0332,1.6997
852.50,-87.8659,-0.0001,0.5000,89.8835,-1.4500,-0.2963,-0.0002,  -0,-0.0008,-0.0057,-32.9309,-0.0332,1.6997
854.50,-87.8661,-0.0001,0.5000,89.7806,-1.4500,-0.2964,-0.0002,  -0,-0.0008,-0.0057,-33.0019,-0.0333,1.6997
856.50,-87.8664,-0.0001,0.5000,89.6786,-1.4499,-0.2966,-0.0002,  -0,-0.0008,-0.0057,-33.0722,-0.0334,1.6997
858.50,-87.8666,-0.0001,0.5000,89.5774,-1.4498,-0.2967,-0.0002,  -0,-0.0008,-0.0057,-33.1418,-0.0334,1.6997
860.50,-87.8668,-0.0001,0.5000,89.4769,-1.4498,-0.2969,-0.0002,  -0,-0.0008,-0.0057,-33.2108,-0.0335,1.6997
862.50,-87.8671,-0.0001,0.5000,89.3773,-1.4497,-0.2970,-0.0002,  -0,-0.0008,-0.0057,-33.2791,-0.0336,1.6997
864.50,-87.8673,-0.0001,0.5000,89.2786,-1.4497,-0.2972,-0.0002,  -0,-0.0008,-0.0057,-33.3468,-0.0337,1.6997
866.50,-87.8675,-0.0001,0.5000,89.1806,-1.4496,-0.2973,-0.0002,  -0,-0.0008,-0.0057,-33.4139,-0.0337,1.6997
868.50,-87.8678,-0.0001,0.5000,89.0833,-1.4495,-0.2974,-0.0002,  -0,-0.0008,-0.0057,-33.4804,-0.0338,1.6997
870.50,-87.8680,-0.0001,0.5000,88.9869,-1.4495,-0.2976,-0.0002,  -0,-0.0008,-0.0057,-33.5463,-0.0339,1.6997
872.50,-87.8682,-0.0001,0.5000,88.8913,-1.4494,-0.2977,-0.0002,  -0,-0.0008,-0.0057,-33.6115,-0.0339,1.6997
874.50,-87.8684,-0.0001,0.5000,88.7964,-1.4494,-0.2979,-0.0002,  -0,-0.0008,-0.0057,-33.6762,-0.0340,1.6997
876.50,-87.8687,-0.0001,0.5000,88.7023,-1.4493,-0.2980,-0.0002,  -0,-0.0008,-0.0057,-33.7402,-0.0340,1.6997
878.50,-87.8689,-0.0001,0.5000,88.6090,-1.4492,-0.2981,-0.0002,  -0,-0.0008,-0.0056,-33.8037,-0.0341,1.6997
880.50,-87.8691,-0.0001,0.5000,88.5164,-1.4492,-0.2983,-0.0002,  -0,-0.0008,-0.0056,-33.8665,-0.0342,1.6997
882.50,-87.8693,-0.0001,0.5000,88.4245,-1.4491,-0.2984,-0.0002,  -0,-0.0008,-0.0056,-33.9288,-0.0342,1.6997
884.50,-87.8695,-0.0001,0.5000,88.3334,-1.4491,-0.2985,-0.0002,  -0,-0.0008,-0.0056,-33.9906,-0.0343,1.6997
886.50,-87.8697,-0.0001,0.5000,88.2431,-1.4490,-0.2987,-0.0002,  -0,-0.0008,-0.0056,-34.0517,-0.0344,1.6997
888.50,-87.8699,-0.0001,0.5000,88.1535,-1.4490,-0.2988,-0.0002,  -0,-0.0009,-0.0056,-34.1123,-0.0344,1.6997
890.50,-87.8701,-0.0001,0.5000,88.0646,-1.4489,-0.2989,-0.0002,  -0,-0.0009,-0.0056,-34.1723,-0.0345,1.6997
892.50,-87.8703,-0.0001,0.5000,87.9764,-1.4489,-0.2990,-0.0002,  -0,-0.0009,-0.0056,-34.2318,-0.0345,1.6997
894.50,-87.8705,-0.0001,0.5000,87.8889,-1.4488,-0.2992,-0.0002,  -0,-0.0009,-0.0056,-34.2907,-0.0346,1.6997
896.50,-87.8707,-0.0001,0.5000,87.8021,-1.4487,-0.2993,-0.0002,  -0,-0.0009,-0.0056,-34.3491,-0.0347,1.6997
898.50,-87.8709,-0.0001,0.5000,87.7161,-1.4487,-0.2994,-0.0002,  -0,-0.0009,-0.0056,-34.4070,-0.0347,1.6997
900.50,-87.8711,-0.0001,0.5000,87.6307,-1.4486,-0.2995,-0.0002,  -0,-0.0009,-0.0056,-34.4643,-0.0348,1.6997
902.50,-87.8713,-0.0001,0.5000,87.5461,-1.4486,-0.2997,-0.0002,  -0,-0.0009,-0.0056,-34.5211,-0.0348,1.6997
904.50,-87.8715,-0.0001,0.5000,87.4621,-1.4485,-0.2998,-0.0002,  -0,-0.0009,-0.0056,-34.5774,-0.0349,1.6997
906.50,-87.8717,-0.0001,0.5000,87.3788,-1.4485,-0.2999,-0.0002,  -0,-0.0009,-0.0056,-34.6331,-0.0349,1.6997
908.50,-87.8719,-0.0001,0.5000,87.2962,-1.4484,-0.3000,-0.0002,  -0,-0.0009,-0.0056,-34.6884,-0.0350,1.6997
910.50,-87.8721,-0.0001,0.5000,87.2142,-1.4484,-0.3001,-0.0002,  -0,-0.0009,-0.0056,-34.7431,-0.0351,1.6997
912.50,-87.8723,-0.0001,0.5000,87.1329,-1.4483,-0.3002,-0.0002,  -0,-0.0009,-0.0055,-34.7973,-0.0351,1.6997
914.50,-87.8725,-0.0001,0.5000,87.0523,-1.4483,-0.3004,-0.0002,  -0,-0.0009,-0.0055,-34.8511,-0.0352,1.6997
916.50,-87.8726,-0.0001,0.5000,86.9723,-1.4483,-0.3005,-0.0002,  -0,-0.0009,-0.0055,-34.9043,-0.0352,1.6997
918.50,-87.8728,-0.0001,0.5000,86.8930,-1.4482,-0.3006,-0.0002,  -0,-0.0009,-0.0055,-34.9571,-0.0353,1.6997
920.50,-87.8730,-0.0001,0.5000,86.8143,-1.4482,-0.3007,-0.0002,  -0,-0.0009,-0.0055,-35.0093,-0.0353,1.6997
922.50,-87.8732,-0.0001,0.5000,86.7363,-1.4481,-0.3008,-0.0002,  -0,-0.0009,-0.0055,-35.0611,-0.0354,1.6997
924.50,-87.8734,-0.0001,0.5000,86.6589,-1.4481,-0.3009,-0.0002,  -0,-0.0009,-0.0055,-35.1124,-0.0354,1.6997
926.50,-87.8735,-0.0001,0.5000,86.5821,-1.4480,-0.3010,-0.0002,  -0,-0.0009,-0.0055,-35.1633,-0.0355,1.6997
928.50,-87.8737,-0.0001,0.5000,86.5060,-1.4480,-0.3011,-0.0002,  -0,-0.0009,-0.0055,-35.2136,-0.0355,1.6997
930.50,-87.8739,-0.0001,0.5000,86.4304,-1.4479,-0.3013,-0.0002,  -0,-0.0009,-0.0055,-35.2635,-0.0356,1.6997
932.50,-87.8741,-0.0001,0.5000,86.3555,-1.4479,-0.3014,-0.0002,  -0,-0.0009,-0.0055,-35.3130,-0.0356,1.6997
934.50,-87.8742,-0.0001,0.5000,86.2812,-1.4478,-0.3015,-0.0002,  -0,-0.0009,-0.0055,-35.3620,-0.0357,1.6997
936.50,-87.8744,-0.0001,0.5000,86.2075,-1.4478,-0.3016,-0.0002,  -0,-0.0009,-0.0055,-35.4106,-0.0357,1.6997
938.50,-87.8746,-0.0001,0.5000,86.1344,-1.4478,-0.3017,-0.0002,  -0,-0.0009,-0.0055,-35.4587,-0.0358,1.6997
940.50,-87.8747,-0.0001,0.5000,86.0619,-1.4477,-0.3018,-0.0002,  -0,-0.0009,-0.0055,-35.5063,-0.0358,1.6997
942.50,-87.8749,-0.0001,0.5000,85.9900,-1.4477,-0.3019,-0.0002,  -0,-0.0009,-0.0055,-35.5536,-0.0359,1.6997
944.50,-87.8750,-0.0001,0.5000,85.9187,-1.4476,-0.3020,-0.0002,  -0,-0.0009,-0.0055,-35.6003,-0.0359,1.6997
946.50,-87.8752,-0.0001,0.5000,85.8480,-1.4476,-0.3021,-0.0002,  -0,-0.0009,-0.0054,-35.6467,-0.0360,1.6997
948.50,-87.8754,-0.0001,0.5000,85.7778,-1.4475,-0.3022,-0.0002,  -0,-0.0009,-0.0054,-35.6927,-0.0360,1.6997
950.50,-87.8755,-0.0001,0.5000,85.7083,-1.4475,-0.3023,-0.0002,  -0,-0.0009,-0.0054,-35.7382,-0.0360,1.6997
952.50,-87.8757,-0.0001,0.5000,85.6392,-1.4475,-0.3024,-0.0002,  -0,-0.0009,-0.0054,-35.7833,-0.0361,1.6997
954.50,-87.8758,-0.0001,0.5000,85.5708,-1.4474,-0.3025,-0.0002,  -0,-0.0009,-0.0054,-35.8280,-0.0361,1.6997
956.50,-87.8760,-0.0001,0.5000,85.5029,-1.4474,-0.3026,-0.0002,  -0,-0.0009,-0.0054,-35.8722,-0.0362,1.6997
958.50,-87.8761,-0.0001,0.5000,85.4356,-1.4473,-0.3027,-0.0002,  -0,-0.0009,-0.0054,-35.9161,-0.0362,1.6997
960.50,-87.8763,-0.0001,0.5000,85.3688,-1.4473,-0.3028,-0.0002,  -0,-0.0009,-0.0054,-35.9596,-0.0363,1.6997
962.50,-87.8764,-0.0001,0.5000,85.3026,-1.4473,-0.3029,-0.0002,  -0,-0.0009,-0.0054,-36.0026,-0.0363,1.6997
964.50,-87.8766,-0.0001,0.5000,85.2369,-1.4472,-0.3030,-0.0002,  -0,-0.0009,-0.0054,-36.0453,-0.0364,1.6997
966.50,-87.8767,-0.0001,0.5000,85.1718,-1.4472,-0.3031,-0.0002,  -0,-0.0009,-0.0054,-36.0876,-0.0364,1.6997
968.50,-87.8769,-0.0001,0.5000,85.1072,-1.4471,-0.3032,-0.0002,  -0,-0.0009,-0.0054,-36.1295,-0.0364,1.6997
970.50,-87.8770,-0.0001,0.5000,85.0431,-1.4471,-0.3032,-0.0002,  -0,-0.0009,-0.0054,-36.1710,-0.0365,1.6997
972.50,-87.8772,-0.0001,0.5000,84.9796,-1.4471,-0.3033,-0.0002,  -0,-0.0009,-0.0054,-36.2121,-0.0365,1.6997
974.50,-87.8773,-0.0001,0.5000,84.9165,-1.4470,-0.3034,-0.0002,  -0,-0.0009,-0.0054,-36.2528,-0.0366,1.6997
976.50,-87.8774,-0.0001,0.5000,84.8540,-1.4470,-0.3035,-0.0002,  -0,-0.0009,-0.0054,-36.2932,-0.0366,1.6997
978.50,-87.8776,-0.0001,0.5000,84.7920,-1.4470,-0.3036,-0.0002,  -0,-0.0009,-0.0054,-36.3332,-0.0366,1.6997
980.50,-87.8777,-0.0001,0.5000,84.7306,-1.4469,-0.3037,-0.0002,  -0,-0.0009,-0.0054,-36.3728,-0.0367,1.6997
982.50,-87.8779,-0.0001,0.5000,84.6696,-1.4469,-0.3038,-0.0002,  -0,-0.0009,-0.0053,-36.4121,-0.0367,1.6997
984.50,-87.8780,-0.0001,0.5000,84.6091,-1.4469,-0.3039,-0.0002,  -0,-0.0009,-0.0053,-36.4510,-0.0368,1.6997
986.50,-87.8781,-0.0001,0.5000,84.5492,-1.4468,-0.3040,-0.0002,  -0,-0.0009,-0.0053,-36.4896,-0.0368,1.6997
988.50,-87.8783,-0.0001,0.5000,84.4897,-1.4468,-0.3040,-0.0002,  -0,-0.0009,-0.0053,-36.5277,-0.0368,1.6997
990.50,-87.8784,-0.0001,0.5000,84.4308,-1.4468,-0.3041,-0.0002,  -0,-0.0009,-0.0053,-36.5656,-0.0369,1.6997
992.50,-87.8785,-0.0001,0.5000,84.3723,-1.4467,-0.3042,-0.0002,  -0,-0.0009,-0.0053,-36.6031,-0.0369,1.6997
994.50,-87.8786,-0.0001,0.5000,84.3143,-1.4467,-0.3043,-0.0002,  -0,-0.0009,-0.0053,-36.6402,-0.0370,1.6997
996.50,-87.8788,-0.0001,0.5000,84.2568,-1.4467,-0.3044,-0.0002,  -0,-0.0009,-0.0053,-36.6770,-0.0370,1.6997
998.50,-87.8789,-0.0001,0.5000,84.1997,-1.4466,-0.3045,-0.0002,  -0,-0.0009,-0.0053,-36.7135,-0.0370,1.6997
